<?xml version="1.0"?>
<?xml-stylesheet type="text/xsl" href="configuration.xsl"?>

<configuration>

<!-- Hive Configuration can either be stored in this file or in the hadoop configuration files  -->
<!-- that are implied by Hadoop setup variables.                                                -->
<!-- Aside from Hadoop setup variables - this file is provided as a convenience so that Hive    -->
<!-- users do not have to edit hadoop configuration files (that may be managed as a centralized -->
<!-- resource).                                                                                 -->

<!-- Hive Execution Parameters -->

<property>
  <name>javax.jdo.option.ConnectionURL</name>
  <value>jdbc:derby:;databaseName=/var/lib/hive/metastore/metastore_db;create=true</value>
  <description>JDBC connect string for a JDBC metastore</description>
</property>

<property>
  <name>javax.jdo.option.ConnectionDriverName</name>
  <value>org.apache.derby.jdbc.EmbeddedDriver</value>
  <description>Driver class name for a JDBC metastore</description>
</property>

<property>
  <name>hive.hwi.war.file</name>
  <value>/usr/lib/hive/lib/hive-hwi-0.7.0-cdh3u1-SNAPSHOT.war</value>
  <description>This is the WAR file with the jsp content for Hive Web Interface</description>
</property>

</configuration>
