<!--
 Licensed to the Apache Software Foundation (ASF) under one
 or more contributor license agreements.  See the NOTICE file
 distributed with this work for additional information
 regarding copyright ownership.  The ASF licenses this file
 to you under the Apache License, Version 2.0 (the
 "License"); you may not use this file except in compliance
 with the License.  You may obtain a copy of the License at

  http://www.apache.org/licenses/LICENSE-2.0

 Unless required by applicable law or agreed to in writing,
 software distributed under the License is distributed on an
 "AS IS" BASIS, WITHOUT WARRANTIES OR CONDITIONS OF ANY
 KIND, either express or implied.  See the License for the
 specific language governing permissions and limitations
 under the License.
-->

<assembly
  xmlns="http://maven.apache.org/plugins/maven-assembly-plugin/assembly/1.1.2"
  xmlns:xsi="http://www.w3.org/2001/XMLSchema-instance"
  xsi:schemaLocation="http://maven.apache.org/plugins/maven-assembly-plugin/assembly/1.1.2 http://maven.apache.org/xsd/assembly-1.1.2.xsd">

  <id>dist</id>

  <formats>
    <format>tar.gz</format>
  </formats>

  <baseDirectory>flume-${project.version}</baseDirectory>

  <moduleSets>

    <moduleSet>
      <useAllReactorProjects>true</useAllReactorProjects>

      <includes>
        <include>org.apache.flume:flume-ng-configuration</include>
        <include>org.apache.flume:flume-ng-sdk</include>
        <include>org.apache.flume:flume-ng-core</include>
        <include>org.apache.flume:flume-ng-node</include>
        <include>org.apache.flume:flume-ng-dist</include>
        <include>org.apache.flume:flume-ng-channels</include>
        <include>org.apache.flume:flume-ng-sinks</include>
        <include>org.apache.flume:flume-ng-legacy-sources</include>
        <include>org.apache.flume:flume-ng-clients</include>
      </includes>

      <binaries>
        <unpack>false</unpack>
        <outputDirectory>lib</outputDirectory>
        <outputFileNameMapping>${module.artifactId}-${project.version}${dashClassifier?}.${module.extension}</outputFileNameMapping>

        <dependencySets>
          <dependencySet>
            <useProjectArtifact>false</useProjectArtifact>
            <outputDirectory>lib</outputDirectory>
          </dependencySet>
        </dependencySets>
      </binaries>

      <sources>
        <includeModuleDirectory>true</includeModuleDirectory>
        <excludeSubModuleDirectories>false</excludeSubModuleDirectories>

        <fileSets>
          <fileSet>
            <excludes>
              <exclude>target/**</exclude>
              <exclude>*/target/**</exclude>
              <exclude>.classpath</exclude>
              <exclude>*/.classpath</exclude>
              <exclude>.project</exclude>
              <exclude>*/.project</exclude>
              <exclude>.settings/**</exclude>
              <exclude>*/.settings/**</exclude>
            </excludes>
          </fileSet>
        </fileSets>
      </sources>

    </moduleSet>

  </moduleSets>

   <fileSets>
    <fileSet>
      <directory>../</directory>

      <excludes>
        <exclude>flume-ng-configuration/**</exclude>
        <exclude>flume-ng-sdk/**</exclude>
        <exclude>flume-ng-core/**</exclude>
        <exclude>flume-ng-node/**</exclude>
        <exclude>flume-ng-channels/**</exclude>
        <exclude>flume-ng-sinks/**</exclude>
        <exclude>flume-ng-legacy-sources/**</exclude>
        <exclude>flume-ng-clients/**</exclude>
        <exclude>flume-ng-dist/**</exclude>
        <exclude>target/**</exclude>
        <exclude>lib/**</exclude>
      </excludes>

      <includes>
        <include>DEVNOTES</include>
        <include>README</include>
        <include>LICENSE</include>
        <include>NOTICE</include>
        <include>CHANGELOG</include>
        <include>DISCLAIMER</include>
        <include>RELEASE-NOTES</include>
        <include>bin/**</include>
        <include>conf/**</include>
        <include>pom.xml</include>
        <include>cloudera/**</include>
        <include>flume-ng-doc/**</include>
      </includes>
    </fileSet>

    <fileSet>
      <directory>../target/docs</directory>
      <includes>
        <include>/**</include>
      </includes>
      <outputDirectory>docs</outputDirectory>
    </fileSet>

  </fileSets>

</assembly>
