<?xml version="1.0" encoding="UTF-8"?>
<beans xmlns="http://www.springframework.org/schema/beans" xmlns:xsi="http://www.w3.org/2001/XMLSchema-instance" xmlns:aop="http://www.springframework.org/schema/aop" xmlns:c="http://www.springframework.org/schema/c" xmlns:cache="http://www.springframework.org/schema/cache" xmlns:context="http://www.springframework.org/schema/context" xmlns:jdbc="http://www.springframework.org/schema/jdbc" xmlns:jee="http://www.springframework.org/schema/jee" xmlns:lang="http://www.springframework.org/schema/lang" xmlns:mvc="http://www.springframework.org/schema/mvc" xmlns:p="http://www.springframework.org/schema/p" xmlns:task="http://www.springframework.org/schema/task" xmlns:tx="http://www.springframework.org/schema/tx" xmlns:util="http://www.springframework.org/schema/util"
	xsi:schemaLocation="http://www.springframework.org/schema/beans http://www.springframework.org/schema/beans/spring-beans.xsd
		http://www.springframework.org/schema/aop http://www.springframework.org/schema/aop/spring-aop.xsd
		http://www.springframework.org/schema/cache http://www.springframework.org/schema/cache/spring-cache.xsd
		http://www.springframework.org/schema/context http://www.springframework.org/schema/context/spring-context.xsd
		http://www.springframework.org/schema/jdbc http://www.springframework.org/schema/jdbc/spring-jdbc.xsd
		http://www.springframework.org/schema/jee http://www.springframework.org/schema/jee/spring-jee.xsd
		http://www.springframework.org/schema/lang http://www.springframework.org/schema/lang/spring-lang.xsd
		http://www.springframework.org/schema/mvc http://www.springframework.org/schema/mvc/spring-mvc.xsd
		http://www.springframework.org/schema/task http://www.springframework.org/schema/task/spring-task.xsd
		http://www.springframework.org/schema/tx http://www.springframework.org/schema/tx/spring-tx.xsd
		http://www.springframework.org/schema/util http://www.springframework.org/schema/util/spring-util.xsd">

	<!-- spring mvc controller -->
	<context:component-scan base-package="rml.controller" />

	<!-- Spring MVC JSON -->
	<bean class="org.springframework.web.servlet.mvc.annotation.AnnotationMethodHandlerAdapter">
		<property name="messageConverters">
			<list>
				<!-- <bean id="fastJsonHttpMessageConverter" class="com.alibaba.fastjson.support.spring.FastJsonHttpMessageConverter"> -->
				<bean id="fastJsonHttpMessageConverter" class="rml.util.FastJsonHttpMessageConverter">
					<property name="supportedMediaTypes">
						<list>
							<value>text/html;charset=UTF-8</value>
						</list>
					</property>
				</bean>
			</list>
		</property>
	</bean>

	<bean class="org.springframework.web.servlet.view.InternalResourceViewResolver" 
		  p:prefix="/" p:suffix=".jsp" />

	<!-- file upload -->
	<bean id="multipartResolver" class="org.springframework.web.multipart.commons.CommonsMultipartResolver">
		<property name="defaultEncoding"> 
	 		<value>UTF-8</value> 
	 	</property> 
	 	<property name="maxUploadSize"> 
	 		<value>104857600</value> 
	 	</property> 
	 	<property name="maxInMemorySize"> 
	 		<value>4096</value> 
	 	</property>
	</bean> 
	
	<!-- interceptor -->
	<mvc:interceptors>
		<mvc:interceptor>
			<mvc:mapping path="/**" />
			<bean class="rml.interceptors.SecurityInterceptor">
				<!-- exclude urls -->
				<property name="excludeUrls">
					<list>
						<value>/authController/doNotNeedSession_tree</value>
						<value>/authController/doNotNeedSession_treeRecursive</value>
						<value>/menuController/doNotNeedSession_tree</value>
						<value>/menuController/doNotNeedSession_treeRecursive</value>
						<value>/onlineController/doNotNeedSession_onlineDatagrid</value>
						<value>/repairController/doNotNeedSession_onlineDatagrid</value>
						<value>/repairController/doNotNeedSession_deleteAndRepair</value>
						<value>/roleController/doNotNeedSession_combobox</value>
					
						<value>/userController/doNotNeedSession_login</value>
						<value>/userController/doNotNeedSession_reg</value>
						<value>/userController/doNotNeedSession_logout</value>
						<value>/userController/doNotNeedSession_combobox</value>
						<value>/userController/doNotNeedSession_datagrid</value>
					</list>
				</property>
			</bean>
		</mvc:interceptor>
	</mvc:interceptors>

</beans>
