<?xml version="1.0"?>
<?xml-stylesheet type="text/xsl" href="configuration.xsl"?>

<configuration>
  <property>
    <name>fs.default.name</name>
    <value>hdfs://localhost:8020</value>
  </property>

  <property>
     <name>hadoop.tmp.dir</name>
     <value>/var/lib/hadoop/cache/${user.name}</value>
  </property>

  <!-- OOZIE proxy user setting -->
  <property>
    <name>hadoop.proxyuser.oozie.hosts</name>
    <value>*</value>
  </property>
  <property>
    <name>hadoop.proxyuser.oozie.groups</name>
    <value>*</value>
  </property>

</configuration>
