<?xml version="1.0"?>
<?xml-stylesheet type="text/xsl" href="configuration.xsl"?>

<configuration>
  <property>
    <name>mapred.job.tracker</name>
    <value>localhost:8021</value>
  </property>

  <!-- Enable Hue plugins -->
  <property>
    <name>mapred.jobtracker.plugins</name>
    <value>org.apache.hadoop.thriftfs.ThriftJobTrackerPlugin</value>
    <description>Comma-separated list of jobtracker plug-ins to be activated.
    </description>
  </property>
  <property>
    <name>jobtracker.thrift.address</name>
    <value>0.0.0.0:9290</value>
  </property>
</configuration>
