<?xml version="1.0" encoding="iso-8859-1"?>
<!--
 Licensed to the Apache Software Foundation (ASF) under one or more
 contributor license agreements.  See the NOTICE file distributed with
 this work for additional information regarding copyright ownership.
 The ASF licenses this file to You under the Apache License, Version 2.0
 (the "License"); you may not use this file except in compliance with
 the License.  You may obtain a copy of the License at

     http://www.apache.org/licenses/LICENSE-2.0

 Unless required by applicable law or agreed to in writing, software
 distributed under the License is distributed on an "AS IS" BASIS,
 WITHOUT WARRANTIES OR CONDITIONS OF ANY KIND, either express or implied.
 See the License for the specific language governing permissions and
 limitations under the License.
-->
<document xmlns="http://maven.apache.org/XDOC/2.0"
xmlns:xsi="http://www.w3.org/2001/XMLSchema-instance"
xsi:schemaLocation="http://maven.apache.org/XDOC/2.0 http://maven.apache.org/xsd/xdoc-2.0.xsd">
  <properties></properties>
  <body>

    <section name="Apache Flume (incubating)"></section>
    <p>Flume is a distributed, reliable, and available system for efficiently collecting,
       aggregating, and moving large amounts of log data from many different sources to a
       centralized data store.</p>

    <subsection name="LICENSE"></subsection>
       <p>
        Licensed to the Apache Software Foundation (ASF) under one or more
        contributor license agreements.  See the NOTICE file distributed with
        this work for additional information regarding copyright ownership.
        The ASF licenses this file to You under the Apache License, Version 2.0
        (the "License"); you may not use this file except in compliance with
        the License.  You may obtain a copy of the License at

             http://www.apache.org/licenses/LICENSE-2.0

        Unless required by applicable law or agreed to in writing, software
        distributed under the License is distributed on an "AS IS" BASIS,
        WITHOUT WARRANTIES OR CONDITIONS OF ANY KIND, either express or implied.
        See the License for the specific language governing permissions and
        limitations under the License.
       </p>

    <subsection name="Overview"></subsection>
    <p>
      <a href="project-info.html">Project information</a>
    </p>
    <p>
      <a href="http://www.apache.org/dyn/closer.cgi/incubator/flume">Download Apache Flume</a>
    </p>
    <p>
      <a href="http://cwiki.apache.org/confluence/display/FLUME/Getting+Started">Getting Started</a>.
    </p>
    <p>
      <a href="https://cwiki.apache.org/confluence/display/FLUME">Flume Wiki </a>
    </p>
    <p>
      <a href="https://issues.apache.org/jira/browse/FLUME"> Flume JIRA  </a>
    </p>
    <p>
      <a href="https://svn.apache.org/repos/asf/incubator/flume/"> Flume sources SVN </a>
    </p>

    <subsection name="Documentation"></subsection>
    <p>
      <a href="FlumeUserGuide.html"> Flume User Guide  </a>
    </p>
    <p>
      <a href="FlumeDeveloperGuide.html"> Flume Dev Guide </a>
    </p>
    <p>
      <a href="apidocs/index.html"> JavaDoc </a>
    </p>
  </body>
</document>
